season_id,season,team_id,team_name,matches_played,possession,field_tilt,game_control_share,ppda,high_recoveries,on_ball_pressure_share,off_ball_pressure_share,xt,passes_into_box,shots_per_1_0_xt,avg_pass_height,crosses,set_piece_xg,corners,throw_ins_into_box,xgd,ppda_inv,z_possession,z_field_tilt,z_game_control_share,z_ppda_inv,z_high_recoveries,z_on_ball_pressure_share,z_off_ball_pressure_share,z_xt,z_passes_into_box,z_shots_per_1_0_xt,z_avg_pass_height,z_crosses,z_set_piece_xg,z_corners,z_throw_ins_into_box,z_xgd,pct_possession,pct_field_tilt,pct_game_control_share,pct_ppda_inv,pct_high_recoveries,pct_on_ball_pressure_share,pct_off_ball_pressure_share,pct_xt,pct_passes_into_box,pct_shots_per_1_0_xt,pct_avg_pass_height,pct_crosses,pct_set_piece_xg,pct_corners,pct_throw_ins_into_box,pct_xgd,cluster_id
1,21-22,19,Norwich City,38,42.81315789473685,37.69868421052632,26.84184210526316,17.623421052631585,3.4211,25.845526315789478,62.72078947368419,0.4673684210526316,9.4737,28.054473684210524,43.43657894736842,15.0789,0.1155263157894736,4.3421,0.2895,-1.3494736842105268,-17.623421052631585,-0.9218711372639138,-1.3300040056396054,-1.665325672326566,-1.17066086887182,-1.872857418464742,-1.4586145360496436,0.6748855323372117,-1.208955380097819,-0.9237049238640216,1.283107359563043,-1.5482354635593043,-1.1885293956645735,-1.4439051486483936,-0.7765420981354996,-0.6148575392604456,-1.6096451820153843,21.052631578947366,0.0,0.0,15.789473684210526,0.0,0.0,78.94736842105263,0.0,10.526315789473683,89.47368421052632,0.0,5.263157894736842,0.0,21.052631578947366,26.31578947368421,0.0,1
1,21-22,24,Watford,38,40.66578947368421,40.829736842105255,42.99657894736841,17.70236842105263,3.9474,33.88842105263158,77.09684210526315,0.530263157894737,8.8158,23.65394736842105,45.79026315789473,16.1316,0.1457894736842105,4.2368,0.6053,-0.7810526315789474,-17.70236842105263,-1.1973185367539765,-0.9914782240779422,-0.5036228238045813,-1.2032123806580384,-1.2015814437729953,-0.972928806422515,1.437588975644885,-0.822232050320158,-1.107273458443328,0.2210151513824041,-0.6021894104632863,-0.7661082744156087,-1.030230280450672,-0.8717096721371151,-0.2083082398352897,-0.9316355109636622,15.789473684210526,5.263157894736842,31.57894736842105,10.526315789473683,5.263157894736842,10.526315789473683,89.47368421052632,15.789473684210526,0.0,73.68421052631578,31.57894736842105,21.052631578947366,10.526315789473683,10.526315789473683,57.89473684210527,5.263157894736842,1
1,21-22,26,Wolverhampton Wanderers,38,49.531578947368416,45.95526315789475,39.17157894736842,17.023421052631583,4.2368,43.61736842105262,46.67631578947368,0.5189473684210526,9.0,22.94052631578948,44.72973684210526,15.6842,0.1423684210526315,4.4211,0.0526,-0.7384210526315789,-17.023421052631583,-0.0600853395946452,-0.4373122594219855,-0.7786822963931492,-0.9232693792965354,-0.832462562762561,-0.3854275328461344,-0.1763338975448188,-0.8918098878952193,-1.0558776170244069,0.0488268978016308,-1.0284601611315485,-0.9456382541313748,-1.0769935264208497,-0.7051438232434993,-0.9198338819894496,-0.8807847856347828,47.368421052631575,31.57894736842105,21.052631578947366,26.31578947368421,26.31578947368421,36.84210526315789,47.368421052631575,10.526315789473683,5.263157894736842,63.1578947368421,15.789473684210526,10.526315789473683,5.263157894736842,26.31578947368421,0.0,10.526315789473683,1
1,21-22,6,Burnley,38,40.06052631578947,43.565,46.80236842105264,15.443684210526314,5.3421,31.551315789473687,79.44078947368425,0.5857894736842106,10.7105,22.04131578947368,49.37842105263159,19.9474,0.2523684210526316,4.8158,1.4211,-0.6605263157894735,-15.443684210526314,-1.2749568969043616,-0.6957447416815771,-0.2299447988595589,-0.2719136284542386,0.5773062664732128,-1.1140594207214558,1.5619441637234068,-0.4808152194285838,-0.5786105879958255,-0.168202708426887,0.8400442583609864,0.7650729875410743,0.4266246901586936,-0.3484235814729612,0.8419226609596507,-0.7878723492313986,5.263157894736842,21.052631578947366,36.84210526315789,42.10526315789473,78.94736842105263,5.263157894736842,100.0,31.57894736842105,26.31578947368421,42.10526315789473,89.47368421052632,84.21052631578947,73.68421052631578,42.10526315789473,89.47368421052632,15.789473684210526,3
1,21-22,13,Leicester City,38,51.99736842105264,46.185,35.02157894736841,14.942368421052633,5.0526,41.82342105263158,39.01500000000001,0.6031578947368421,10.7105,22.407894736842096,44.84526315789473,14.7368,0.1602631578947368,4.8684,0.1316,-0.6384210526315792,-14.942368421052633,0.2562065884962709,-0.4124733783240429,-1.077112835280094,-0.0652115286117327,0.2080598392011993,-0.4937585088258519,-0.582795398670892,-0.3740213291970967,-0.5786105879958255,-0.0797267817437383,-0.9820252083912614,-1.325805225035972,-0.832385778269154,-0.3008849832537307,-0.8181321889730236,-0.7615053064682766,63.1578947368421,36.84210526315789,5.263157894736842,52.63157894736842,52.63157894736842,31.57894736842105,26.31578947368421,36.84210526315789,26.31578947368421,52.63157894736842,21.052631578947366,0.0,21.052631578947366,47.368421052631575,5.263157894736842,21.052631578947366,1
1,21-22,12,Leeds United,38,52.30526315789475,48.07710526315788,36.14394736842105,11.918947368421057,5.9737,46.63447368421053,37.501315789473686,0.6373684210526316,10.9211,22.221842105263164,44.00026315789475,17.1053,0.2157894736842105,4.4737,0.5789,-0.6289473684210528,-11.918947368421057,0.2957008847466853,-0.2079011502665246,-0.9964022298043282,1.181402867761267,1.3828884546079407,-0.2032338054576231,-0.663102016143402,-0.1636697272259845,-0.5198485673507397,-0.1246316490552828,-1.3216667419882246,-0.3753877977744791,-0.0733823244455088,-0.6576052250242688,-0.2422946283876142,-0.7502051452840811,68.42105263157895,52.63157894736842,10.526315789473683,78.94736842105263,84.21052631578947,42.10526315789473,15.789473684210526,57.89473684210527,36.84210526315789,47.368421052631575,10.526315789473683,47.368421052631575,42.10526315789473,31.57894736842105,52.63157894736842,26.31578947368421,0
1,21-22,18,Newcastle United,38,40.37105263157895,41.49552631578948,47.80657894736842,17.112368421052633,4.2632,36.11447368421054,72.32552631578945,0.4776315789473684,10.0,28.26473684210526,46.55763157894737,15.7895,0.2218421052631579,4.2105,0.7632,-0.4650000000000001,-17.112368421052633,-1.2351250425663372,-0.919493837849078,-0.1577310425886288,-0.9599440825756772,-0.7987903497056313,-0.8385043197256625,1.184452800159127,-1.1458498995064854,-0.776855676639384,1.333855575944835,-0.2937513189127451,-0.903384103787007,0.0093526491940361,-0.8954789712467305,-0.0050335901227117,-0.5546495781242557,10.526315789473683,10.526315789473683,47.368421052631575,21.052631578947366,31.57894736842105,15.789473684210526,84.21052631578947,5.263157894736842,15.789473684210526,94.73684210526316,36.84210526315789,15.789473684210526,52.63157894736842,5.263157894736842,68.42105263157895,31.57894736842105,1
1,21-22,22,Southampton,38,47.75263157894736,49.63894736842105,48.57394736842106,13.52631578947368,5.2632,48.05473684210526,58.20342105263159,0.5615789473684213,11.3947,33.521052631578954,49.328947368421055,18.8684,0.2663157894736841,6.1316,2.0789,-0.4078947368421052,-13.52631578947368,-0.288274606819255,-0.0390365920577085,-0.1025488326080115,0.518654087793797,0.4766722660871614,-0.1174684721200061,0.4352222160067018,-0.6296794300542933,-0.3877037763843929,2.6024974708258366,0.8201586749551194,0.3320983605555769,0.6172748468063378,0.8407643945130381,1.6887501757217394,-0.4865347176528558,36.84210526315789,68.42105263157895,57.89473684210527,68.42105263157895,68.42105263157895,52.63157894736842,63.1578947368421,21.052631578947366,42.10526315789473,100.0,84.21052631578947,68.42105263157895,84.21052631578947,84.21052631578947,94.73684210526316,36.84210526315789,3
1,21-22,9,Everton,38,39.99473684210528,44.53026315789474,53.16263157894737,17.81157894736842,5.2632,40.24763157894736,77.39921052631577,0.5831578947368421,10.5,23.23184210526316,48.43342105263157,17.3421,0.1478947368421052,4.2368,0.6579,-0.3034210526315789,-17.81157894736842,-1.2833958490946182,-0.5913816078130117,0.2274279147966577,-1.2482419719623126,0.4766722660871614,-0.588915599065922,1.453630753022477,-0.4969961118879009,-0.6373447064468727,0.1191376306359782,0.4602084604330056,-0.2803661187474487,-1.001452898315179,-0.8717096721371151,-0.1405929353711883,-0.3619190512604791,0.0,26.31578947368421,68.42105263157895,5.263157894736842,68.42105263157895,26.31578947368421,94.73684210526316,26.31578947368421,21.052631578947366,68.42105263157895,63.1578947368421,52.63157894736842,15.789473684210526,10.526315789473683,63.1578947368421,42.10526315789473,3
1,21-22,3,Aston Villa,38,46.46842105263158,48.85684210526315,53.52315789473685,13.526842105263157,4.6579,49.14605263157896,62.37710526315789,0.6355263157894737,12.1842,21.56947368421052,47.02263157894737,17.7895,0.1773684210526315,5.1579,1.0,-0.0963157894736841,-13.526842105263157,-0.4530029535731138,-0.1235969066316939,0.2533537130385803,0.5184370777152215,-0.2953652552522159,-0.0515672608264902,0.6566517975633778,-0.1749963519475058,-0.1674159544504175,-0.2820845006328362,-0.1068479897735843,-0.1008361390316827,-0.5985695484182678,-0.0392419379216538,0.2998140162860183,-0.1148849720393194,31.57894736842105,63.1578947368421,73.68421052631578,63.1578947368421,36.84210526315789,63.1578947368421,73.68421052631578,52.63157894736842,52.63157894736842,31.57894736842105,47.368421052631575,63.1578947368421,36.84210526315789,57.89473684210527,73.68421052631578,47.368421052631575,0
1,21-22,25,West Ham United,38,47.94736842105263,48.56131578947368,50.741842105263146,18.22184210526316,4.1316,48.05526315789473,57.24473684210527,0.6210526315789473,12.1842,21.22342105263158,48.39,21.2895,0.2313157894736842,5.2632,1.1842,-0.0878947368421052,-18.22184210526316,-0.2632953083360866,-0.1555488693728058,0.0533465877693266,-1.417401328211377,-0.9666412299439628,-0.1174366895247356,0.3843604275066402,-0.2639912604737462,-0.1674159544504175,-0.3656062835390387,0.4427556877629676,1.3036227992901346,0.1388508688037573,0.0559256360799617,0.5369463182306469,-0.1048403843200346,42.10526315789473,57.89473684210527,63.1578947368421,0.0,21.052631578947366,57.89473684210527,57.89473684210527,47.368421052631575,52.63157894736842,21.052631578947366,57.89473684210527,89.47368421052632,63.1578947368421,68.42105263157895,84.21052631578947,52.63157894736842,3
1,21-22,4,Brentford,38,44.77105263157896,42.18026315789474,36.7578947368421,15.5928947368421,4.9474,36.88000000000001,58.523421052631576,0.7063157894736841,13.1053,13.501315789473685,44.94078947368421,17.0526,0.2578947368421053,4.1842,3.2895,0.0442105263157894,-15.5928947368421,-0.6707279200818004,-0.8454608841069822,-0.9522526770317704,-0.3334359857301966,0.0738811720197975,-0.7922765349046268,0.4521994146935181,0.2602696552081025,0.0895911548382269,-2.22938057829162,-0.9436291085171676,-0.3965349366457819,0.5021653182643648,-0.9192482703563456,3.247232068958262,0.052734085526245,26.31578947368421,15.789473684210526,15.789473684210526,36.84210526315789,47.368421052631575,21.052631578947366,68.42105263157895,78.94736842105263,68.42105263157895,0.0,26.31578947368421,42.10526315789473,78.94736842105263,0.0,100.0,57.89473684210527,4
1,21-22,17,Manchester United,38,52.65526315789472,52.60447368421052,54.91631578947368,16.343684210526316,4.0526,56.67157894736841,42.29368421052632,0.681315789473684,12.9211,23.7271052631579,48.78026315789473,17.4737,0.1692105263157894,5.1842,0.2368,0.0628947368421052,-16.343684210526316,0.3405961103988608,0.2815926760897443,0.3535370531062701,-0.6430008628171657,-1.0674027765915934,0.4028761776496726,-0.4088489196914073,0.1065511768445966,0.0381953134193057,0.2386722279207514,0.5996190930336933,-0.2275584626665484,-0.7100819041933054,-0.0154726388120385,-0.6827015800448208,0.0750205145284081,73.68421052631578,73.68421052631578,78.94736842105263,31.57894736842105,10.526315789473683,73.68421052631578,36.84210526315789,73.68421052631578,63.1578947368421,78.94736842105263,68.42105263157895,57.89473684210527,26.31578947368421,63.1578947368421,15.789473684210526,63.1578947368421,0
1,21-22,5,Brighton & Hove Albion,38,54.41052631578947,55.453421052631576,48.50736842105263,11.87342105263158,6.0,57.97473684210527,38.92578947368421,0.613421052631579,15.2105,22.713947368421056,48.090263157894746,19.3158,0.2289473684210526,5.2632,1.0,0.0978947368421052,-11.87342105263158,0.5657473548349777,0.5896175635655042,-0.1073365895096228,1.2001742395579884,1.4164331214032913,0.4815698835395912,-0.5875283512653257,-0.3109158486057629,0.6769881437367767,-0.0058592277361951,0.3222786691497817,0.511628340271343,0.106476313901327,0.0559256360799617,0.2998140162860183,0.1167683322366854,84.21052631578947,78.94736842105263,52.63157894736842,84.21052631578947,89.47368421052632,78.94736842105263,21.052631578947366,42.10526315789473,84.21052631578947,57.89473684210527,52.63157894736842,73.68421052631578,57.89473684210527,68.42105263157895,73.68421052631578,68.42105263157895,0
1,21-22,8,Crystal Palace,38,51.11842105263158,46.36763157894739,42.55605263157895,12.949736842105269,4.0789,47.44315789473684,42.72184210526316,0.6410526315789471,11.4474,21.300526315789472,43.83394736842106,17.0,0.176578947368421,4.6053,0.3158,0.2407894736842105,-12.949736842105269,0.1434621872344079,-0.3927274636826057,-0.5353014999045642,0.7563886288724994,-1.0338581097962432,-0.1543998478244019,-0.3861335395405427,-0.1410164777829434,-0.3729993201261022,-0.3469964870435884,-1.3885161500334746,-0.417641948118847,-0.609361066719078,-0.538668351913038,-0.5809998870283949,0.2872124300982989,52.63157894736842,42.10526315789473,26.31578947368421,73.68421052631578,15.789473684210526,47.368421052631575,42.10526315789473,63.1578947368421,47.368421052631575,26.31578947368421,5.263157894736842,36.84210526315789,31.57894736842105,36.84210526315789,36.84210526315789,73.68421052631578,0
1,21-22,2,Arsenal,38,52.72105263157895,55.71947368421053,64.65657894736842,14.923684210526316,5.1842,60.8428947368421,46.9728947368421,0.6623684210526317,14.0526,25.70184210526316,48.81605263157896,16.7368,0.2728947368421052,5.4737,0.4474,0.4750000000000001,-14.923684210526316,0.3490350625891221,0.6183828657304772,1.053968856265589,-0.0575076708223266,0.3759107194395308,0.6547691364665305,-0.1605992734329417,-0.0099512488624786,0.3539086389649589,0.7152862651284713,0.6140044086890055,-0.5232572602806476,0.7072041659797565,0.2461704065200383,-0.4115828895478676,0.5665775260409065,78.94736842105263,84.21052631578947,89.47368421052632,57.89473684210527,57.89473684210527,84.21052631578947,52.63157894736842,68.42105263157895,78.94736842105263,84.21052631578947,73.68421052631578,26.31578947368421,89.47368421052632,78.94736842105263,42.10526315789473,78.94736842105263,0
1,21-22,23,Tottenham Hotspur,38,51.80263157894737,47.91236842105264,47.01815789473685,15.23526315789474,4.6579,49.179210526315785,41.42552631578946,0.8352631578947369,13.2105,18.128157894736844,46.96552631578949,16.9211,0.2181578947368422,5.0789,0.2895,0.5007894736842106,-15.23526315789474,0.2312272900131035,-0.2257123067010157,-0.2144271677950507,-0.1859776373386152,-0.2953652552522159,-0.0495649573244453,-0.4549079480366459,1.0531333857146037,0.1189442629667313,-1.112665759236961,-0.129801030194177,-0.4493024653284445,-0.0410077695430769,-0.110640212813654,-0.6148575392604456,0.5973390759312159,57.89473684210527,47.368421052631575,42.10526315789473,47.368421052631575,36.84210526315789,68.42105263157895,31.57894736842105,89.47368421052632,73.68421052631578,5.263157894736842,42.10526315789473,31.57894736842105,47.368421052631575,52.63157894736842,26.31578947368421,84.21052631578947,0
1,21-22,7,Chelsea,38,61.805263157894736,62.38473684210526,64.5413157894737,10.96921052631579,5.2368,73.63552631578948,22.068947368421057,0.8192105263157897,17.1579,20.453421052631587,49.32236842105263,19.7368,0.2489473684210527,6.3421,0.2632,0.9557894736842102,-10.96921052631579,1.5142855810201137,1.339023393163142,1.0456801704043042,1.5729975545495134,0.4430000530302317,1.4272768971128675,-1.4818469689320646,0.954429941712775,1.22035547044257,-0.5514501898383162,0.8175143154596572,0.6805646868523387,0.3798614441885173,1.0310091649531146,-0.6487151914924962,1.1400607061388206,89.47368421052632,89.47368421052632,84.21052631578947,100.0,63.1578947368421,89.47368421052632,5.263157894736842,84.21052631578947,89.47368421052632,15.789473684210526,78.94736842105263,78.94736842105263,68.42105263157895,89.47368421052632,21.052631578947366,89.47368421052632,2
1,21-22,14,Liverpool,38,62.81315789473685,67.41894736842107,78.2257894736842,11.849473684210528,6.0789,82.4734210526316,22.182894736842105,1.0955263157894737,21.0789,18.12868421052632,50.48894736842106,23.7895,0.3915789473684209,7.4211,0.5526,1.7499999999999996,-11.849473684210528,1.6435703285748864,1.8833164004983811,2.0297439911183144,1.210048198133142,1.5170671217893426,1.9609702368961843,-1.4758016342023017,2.653423649940986,2.314400498692244,-1.112538729909348,1.2864121411947516,2.30680775523429,2.329529083868209,2.006183071389422,-0.276152280619665,2.087390885413865,94.73684210526316,94.73684210526316,94.73684210526316,89.47368421052632,100.0,94.73684210526316,10.526315789473683,100.0,94.73684210526316,10.526315789473683,94.73684210526316,100.0,100.0,94.73684210526316,47.368421052631575,94.73684210526316,2
1,21-22,16,Manchester City,38,67.99473684210528,74.56500000000001,82.03447368421057,11.093684210526316,6.0,89.92078947368422,14.883947368421053,1.0034210526315783,21.6053,21.97894736842105,52.6178947368421,23.0263,0.3821052631578947,8.3158,0.1842,2.03,-11.093684210526316,2.3082222030797026,2.65593932857932,2.303630179406887,1.5216746709665705,1.4164331214032913,2.4106939599746693,-1.8630381331970045,2.0870924138649136,2.46127764811092,-0.1832556837491451,2.142126873925831,2.000555451883658,2.2000308642584896,2.814791128932113,-0.7504168845089223,2.421373427080084,100.0,100.0,100.0,94.73684210526316,89.47368421052632,100.0,0.0,94.73684210526316,100.0,36.84210526315789,100.0,94.73684210526316,94.73684210526316,100.0,10.526315789473683,100.0,2
2,22-23,20,Nottingham Forest,38,37.63157894736841,35.63605263157895,36.75236842105262,18.16526315789473,3.7368,24.093421052631573,76.09763157894736,0.4510526315789473,8.4474,25.967631578947376,43.806842105263165,14.0263,0.13,3.3684,1.7632,-0.7755263157894735,-18.16526315789473,-1.6405446879935404,-1.5754524706978907,-1.0412974418574767,-1.8741069133547184,-1.793851393600294,-1.599960026800443,1.5073237402759276,-1.4344921908345478,-1.3289308902321555,0.2871822786861164,-1.5149051268716769,-1.343321793894193,-1.553934509155297,-1.698321928559523,1.2785116968788268,-1.132410807675054,0.0,0.0,10.526315789473683,5.263157894736842,0.0,0.0,100.0,0.0,0.0,78.94736842105263,0.0,15.789473684210526,0.0,0.0,89.47368421052632,0.0,1
2,22-23,26,Wolverhampton Wanderers,38,49.95526315789475,45.92657894736843,33.66763157894737,13.494473684210526,4.2632,40.38236842105263,42.999210526315785,0.5126315789473683,9.7368,25.357631578947363,44.77,17.5263,0.1471052631578947,4.8684,0.0263,-0.769736842105263,-13.494473684210526,-0.0059338850416753,-0.4467769963895832,-1.2837655814147615,0.1504347740390618,-1.1212800977996151,-0.5939736817459073,-0.4043453576404447,-1.056143258626158,-0.965367082345392,0.207224015529839,-1.0319259402628804,0.0421867560478053,-1.3016093952529877,-0.1714613530899783,-1.1923879896852134,-1.1239571131488064,57.89473684210527,42.10526315789473,0.0,52.63157894736842,10.526315789473683,36.84210526315789,36.84210526315789,10.526315789473683,10.526315789473683,68.42105263157895,15.789473684210526,42.10526315789473,5.263157894736842,42.10526315789473,0.0,5.263157894736842,1
2,22-23,22,Southampton,38,44.61842105263159,44.71394736842105,42.206578947368406,14.453157894736842,4.7895,39.55289473684212,61.83342105263157,0.5478947368421051,11.2368,28.031052631578948,46.64921052631578,16.2632,0.1926315789473684,4.1316,1.9211,-0.7634210526315789,-14.453157894736842,-0.7138114653078246,-0.5797796709398262,-0.6125826610637298,-0.2651044319542643,-0.4488365701022423,-0.6452010066935925,0.6834641843783729,-0.8394819042846013,-0.5424217497642341,0.5576536943066319,-0.0895886802701483,-0.457823486646977,-0.6300363997899189,-0.9214552677606188,1.5031389411119211,-1.1147349009383547,26.31578947368421,36.84210526315789,31.57894736842105,31.57894736842105,31.57894736842105,26.31578947368421,73.68421052631578,15.789473684210526,42.10526315789473,94.73684210526316,42.10526315789473,31.57894736842105,31.57894736842105,15.789473684210526,94.73684210526316,10.526315789473683,1
2,22-23,1,AFC Bournemouth,38,40.4,36.76868421052631,35.11947368421053,17.94736842105263,3.7632,28.054473684210524,72.64421052631579,0.6273684210526316,10.2105,16.65973684210526,44.37394736842105,13.4737,0.2631578947368421,3.7895,0.6053,-0.733684210526316,-17.94736842105263,-1.2733419195320062,-1.4512242781492275,-1.1696471096575916,-1.7796609999420163,-1.7601206143276156,-1.3553300473865542,1.3078641256341377,-0.351185419126763,-0.8318009463162623,-0.9328883718045956,-1.2305280374886327,-1.5620738009507495,0.4103194544534467,-1.2696812696727062,-0.3687073411040751,-1.0713136517808115,5.263157894736842,5.263157894736842,5.263157894736842,10.526315789473683,5.263157894736842,5.263157894736842,94.73684210526316,42.10526315789473,21.052631578947366,0.0,5.263157894736842,5.263157894736842,63.1578947368421,10.526315789473683,47.368421052631575,15.789473684210526,1
2,22-23,9,Everton,38,42.70789473684211,44.47815789473684,42.43631578947368,15.20105263157895,5.7895,37.57552631578947,70.07499999999999,0.5534210526315789,10.7895,27.984473684210524,46.91578947368421,18.7368,0.2899999999999999,4.5789,0.5263,-0.5792105263157894,-15.20105263157895,-0.9672232617936366,-0.6056413021023738,-0.5945247625964443,-0.5892774825809557,0.828844462953758,-0.7673209685136814,1.1594739543510617,-0.8055275129325654,-0.6685440479399355,0.5515481668783913,0.0440883459688486,0.521374784534888,0.8062757870386077,-0.4661454441556004,-0.4810920928103098,-0.8457537114668455,15.789473684210526,31.57894736842105,36.84210526315789,21.052631578947366,78.94736842105263,15.789473684210526,84.21052631578947,26.31578947368421,31.57894736842105,89.47368421052632,52.63157894736842,68.42105263157895,73.68421052631578,31.57894736842105,31.57894736842105,21.052631578947366,3
2,22-23,10,Fulham,38,48.74473684210526,50.07052631578947,51.56263157894737,13.685263157894738,4.7105,47.65342105263158,54.38342105263157,0.5568421052631579,12.0,21.635526315789477,46.7171052631579,20.4737,0.17,4.7895,0.8158,-0.5489473684210529,-13.685263157894738,-0.1664978332282789,0.0077353986066545,0.122826805382286,0.067737567246538,-0.5497733717136664,-0.1449219722584142,0.2531737256030097,-0.7845081278098768,-0.3272271645469409,-0.2806662666454674,-0.0555426064600122,1.2089432989332471,-0.9638819351068204,-0.2517742193596763,-0.0692517685197406,-0.801563944625098,47.368421052631575,63.1578947368421,63.1578947368421,47.368421052631575,26.31578947368421,52.63157894736842,57.89473684210527,31.57894736842105,52.63157894736842,52.63157894736842,47.368421052631575,89.47368421052632,21.052631578947366,36.84210526315789,68.42105263157895,26.31578947368421,0
2,22-23,13,Leicester City,38,47.72894736842105,44.39236842105264,38.94684210526316,15.209473684210524,5.0789,39.96,51.135263157894734,0.5523684210526316,9.5789,23.978684210526307,44.77842105263159,13.1842,0.1689473684210526,3.5526,0.3158,-0.5473684210526315,-15.209473684210524,-0.3012319288805141,-0.6150507795119602,-0.8688062444706643,-0.5929275661911063,-0.0790756791358358,-0.6200586616129871,0.065569517455207,-0.8119950160472383,-1.0098891276884354,0.0264728080497333,-1.0277031714182114,-1.6766751510102376,-0.979409634423886,-1.5108234498918631,-0.7805476653946442,-0.7992583915724846,42.10526315789473,26.31578947368421,21.052631578947366,15.789473684210526,52.63157894736842,31.57894736842105,52.63157894736842,21.052631578947366,5.263157894736842,63.1578947368421,21.052631578947366,0.0,15.789473684210526,5.263157894736842,5.263157894736842,31.57894736842105,1
2,22-23,12,Leeds United,38,47.02631578947369,49.88342105263158,52.35394736842104,12.864210526315787,6.4737,48.83026315789474,60.28789473684212,0.6778947368421053,11.7895,20.207105263157896,47.831315789473685,17.5,0.2928947368421052,5.2368,0.6842,-0.5228947368421053,-12.864210526315787,-0.3944288292409973,-0.0127864984430892,0.1850262334362654,0.4236207192364309,1.7030338257706734,-0.0722415797564932,0.594199053174287,-0.0407452696224421,-0.38658049288583,-0.4679024411115,0.5031824963000009,0.0317756489439554,0.848976960160538,0.2035356042453419,-0.2564648485772152,-0.7635223192569842,36.84210526315789,57.89473684210527,68.42105263157895,68.42105263157895,100.0,63.1578947368421,63.1578947368421,57.89473684210527,47.368421052631575,26.31578947368421,68.42105263157895,36.84210526315789,84.21052631578947,57.89473684210527,57.89473684210527,36.84210526315789,0
2,22-23,8,Crystal Palace,38,46.336842105263166,46.21052631578949,50.27973684210527,13.815263157894735,4.9474,44.51921052631579,60.82657894736843,0.496578947368421,10.6053,26.428947368421053,45.70973684210527,15.7105,0.1784210526315789,4.8947,0.3947,-0.2613157894736843,-13.815263157894735,-0.4858804692951053,-0.415633357969506,0.0219880252814704,0.0113894015148055,-0.2470907349826999,-0.3384871499636636,0.6253118956014563,-1.1547726811249257,-0.7204817347809016,0.3476511463793644,-0.5606913295033096,-0.6766150796621033,-0.8396603405702991,-0.1446903976667456,-0.6683051728677845,-0.3815690302074411,31.57894736842105,47.368421052631575,57.89473684210527,42.10526315789473,36.84210526315789,47.368421052631575,68.42105263157895,5.263157894736842,26.31578947368421,84.21052631578947,31.57894736842105,26.31578947368421,26.31578947368421,47.368421052631575,15.789473684210526,42.10526315789473,1
2,22-23,3,Aston Villa,38,49.32105263157896,47.91315789473684,47.97421052631578,13.200526315789476,4.6316,48.0213157894737,48.793421052631565,0.646842105263158,10.9737,20.40447368421052,44.50315789473683,14.9474,0.1528947368421052,4.2632,0.4474,-0.1139473684210525,-13.200526315789476,-0.0900554318090038,-0.2288869811595969,-0.1592321906084287,0.2778455050559553,-0.6505824052217849,-0.1222012234396108,-0.0696885112499138,-0.2315366115053055,-0.6166063610989692,-0.4420315621782794,-1.1657349280282765,-0.9786955295080288,-1.21620704900913,-0.787498699939424,-0.5933345853371697,-0.1663840786302335,52.63157894736842,52.63157894736842,52.63157894736842,63.1578947368421,21.052631578947366,57.89473684210527,47.368421052631575,47.368421052631575,36.84210526315789,36.84210526315789,10.526315789473683,21.052631578947366,10.526315789473683,21.052631578947366,21.052631578947366,47.368421052631575,1
2,22-23,25,West Ham United,38,42.05,42.79552631578947,47.51368421052632,18.28394736842105,5.0,36.98789473684211,72.30263157894738,0.5907894736842105,10.1053,25.794473684210526,47.54184210526316,20.6316,0.2926315789473684,5.4211,1.6579,-0.0744736842105263,-18.28394736842105,-1.0544862771124417,-0.7901940584118894,-0.195430727054875,-1.925550279235308,-0.1798847126439542,-0.803612407792927,1.288135513289016,-0.5759311523616616,-0.8614635123079543,0.2644848942353693,0.3580248172645691,1.271449527514916,0.8450950353312715,0.3911358736180333,1.128712780996972,-0.1087452523149101,10.526315789473683,10.526315789473683,47.368421052631575,0.0,42.10526315789473,10.526315789473683,89.47368421052632,36.84210526315789,15.789473684210526,73.68421052631578,57.89473684210527,94.73684210526316,78.94736842105263,68.42105263157895,84.21052631578947,52.63157894736842,3
2,22-23,4,Brentford,38,43.71578947368421,43.73394736842105,41.47631578947369,14.36421052631579,5.0263,37.74552631578947,64.02052631578947,0.6594736842105264,13.1053,20.550526315789483,46.2692105263158,17.5263,0.2573684210526316,4.2895,3.0,-0.0084210526315789,-14.36421052631579,-0.8335363223252269,-0.6872670754591631,-0.6699831974288084,-0.2265504238220266,-0.1462817014745814,-0.7568219672712303,0.8097850604957182,-0.1539265741292253,-0.0155728471456382,-0.422887111767694,-0.2801411243857377,0.0421867560478053,0.3249171082095885,-0.7607277445161914,3.0379732273885884,-0.0122962829472689,21.052631578947366,15.789473684210526,26.31578947368421,36.84210526315789,47.368421052631575,21.052631578947366,78.94736842105263,52.63157894736842,63.1578947368421,42.10526315789473,36.84210526315789,42.10526315789473,57.89473684210527,26.31578947368421,100.0,57.89473684210527,4
2,22-23,7,Chelsea,38,58.66578947368421,56.49552631578948,45.14131578947369,10.87,5.6053,61.11394736842105,26.204210526315794,0.7426315789473684,14.4211,19.132368421052632,47.615,18.3684,0.2081578947368421,5.5,0.5,0.1213157894736842,-10.87,1.1494284377793056,0.7124359843584285,-0.3819049019489995,1.288006144165727,0.5934956166648427,0.6863843954681601,-1.3743759959132256,0.357006171929968,0.3554347985945535,-0.6087780005292004,0.3947101216026158,0.3755401131638501,-0.4010028348632083,0.4714487398877313,-0.5185062569859298,0.177143326209094,78.94736842105263,78.94736842105263,42.10526315789473,94.73684210526316,68.42105263157895,73.68421052631578,10.526315789473683,68.42105263157895,68.42105263157895,15.789473684210526,63.1578947368421,57.89473684210527,42.10526315789473,73.68421052631578,26.31578947368421,63.1578947368421,0
2,22-23,23,Tottenham Hotspur,38,49.96315789473683,43.87526315789472,38.11657894736842,14.601578947368422,4.3684,41.97815789473684,41.69131578947368,0.726842105263158,12.7105,21.54315789473684,44.95499999999999,19.1053,0.2307894736842105,5.3421,0.8421,0.1742105263157894,-14.601578947368422,-0.0048867288578526,-0.6717674148182182,-0.934067034464116,-0.3294371555832068,-0.986868053122124,-0.4954195895876676,-0.4798855759418773,0.2599936252098683,-0.126892058680999,-0.2927738379862151,-0.9391569872066065,0.6672490418644955,-0.0671572995463072,0.3107212166433039,-0.0318376043441206,0.2543793534716274,63.1578947368421,21.052631578947366,15.789473684210526,26.31578947368421,15.789473684210526,42.10526315789473,31.57894736842105,63.1578947368421,57.89473684210527,47.368421052631575,26.31578947368421,73.68421052631578,47.368421052631575,63.1578947368421,73.68421052631578,68.42105263157895,0
2,22-23,17,Manchester United,38,53.734210526315785,54.19894736842107,58.33236842105264,13.49184210526316,5.1579,60.35657894736841,41.60315789473683,0.7876315789473683,15.6842,22.228421052631575,47.87263157894736,13.7368,0.196578947368421,5.1579,0.3684,0.5071052631578947,-13.49184210526316,0.4953048749495405,0.4605448513723252,0.6549452911450554,0.1515754251672334,0.0218611224755881,0.6396102072703672,-0.4849773210386542,0.633491930082253,0.711582964983394,-0.202950146330071,0.5239004559441459,-1.457923143953681,-0.5718075273509248,0.1232227379756438,-0.7057193370434044,0.7404667887308548,73.68421052631578,68.42105263157895,78.94736842105263,57.89473684210527,57.89473684210527,68.42105263157895,26.31578947368421,73.68421052631578,73.68421052631578,57.89473684210527,78.94736842105263,10.526315789473683,36.84210526315789,52.63157894736842,10.526315789473683,73.68421052631578,0
2,22-23,5,Brighton & Hove Albion,38,60.20000000000002,61.84973684210527,59.70184210526316,10.644999999999996,6.1842,70.68447368421053,27.421052631578952,0.9071052631578944,16.2895,19.431315789473683,47.86236842105264,18.5263,0.256842105263158,6.1316,0.6053,0.7263157894736842,-10.644999999999996,1.3529257895027635,1.2996912830561775,0.7625893960978036,1.385531815624497,1.3331451667009613,1.2774489112351215,-1.3040947143386132,1.3675535335976765,0.8822555048576439,-0.5695922425716817,0.5187539564147129,0.4380463417455192,0.3171532585510572,1.114358832865441,-0.3687073411040751,1.060554404201951,89.47368421052632,89.47368421052632,84.21052631578947,100.0,89.47368421052632,84.21052631578947,15.789473684210526,94.73684210526316,78.94736842105263,21.052631578947366,73.68421052631578,63.1578947368421,52.63157894736842,84.21052631578947,47.368421052631575,78.94736842105263,2
2,22-23,14,Liverpool,38,60.7578947368421,61.27263157894737,58.2442105263158,11.769473684210526,6.2368,71.25447368421055,24.508421052631576,1.045,19.4211,18.16131578947368,47.91105263157896,21.2105,0.3173684210526315,6.1842,0.7632,0.8742105263157894,-11.769473684210526,1.426924826493106,1.2363937862487375,0.6480158570253073,0.8981315885562872,1.400351189039707,1.3126514448127526,-1.472319892640476,2.2147964416198853,1.7652525738650804,-0.7360627248806493,0.5431668387979491,1.5006126416753227,1.2099959692823024,1.1679007437119062,-0.1440800968709804,1.2765078734633626,94.73684210526316,84.21052631578947,73.68421052631578,84.21052631578947,94.73684210526316,89.47368421052632,5.263157894736842,100.0,100.0,5.263157894736842,84.21052631578947,100.0,94.73684210526316,89.47368421052632,63.1578947368421,84.21052631578947,2
2,22-23,18,Newcastle United,38,52.292105263157886,56.11578947368421,68.08736842105263,11.808421052631578,5.7368,64.5628947368421,48.15763157894739,0.8618421052631581,17.8684,18.817894736842103,49.00236842105264,19.7368,0.3828947368421054,7.1053,0.5789,0.9457894736842104,-11.808421052631578,0.3040243453707186,0.6707860582785662,1.4217130325926777,0.8812499518593309,0.7615106725117068,0.8993873525634575,-0.1064098729030831,1.0894508996667251,1.3274477619325709,-0.6499989342961328,1.090411288761524,0.9172343702326018,2.176595251769613,2.1054949277552386,-0.40626376445907,1.3810262785151488,68.42105263157895,73.68421052631578,89.47368421052632,78.94736842105263,73.68421052631578,78.94736842105263,42.10526315789473,84.21052631578947,84.21052631578947,10.526315789473683,89.47368421052632,78.94736842105263,100.0,100.0,42.10526315789473,89.47368421052632,2
2,22-23,2,Arsenal,38,59.34999999999998,64.325,76.5192105263158,10.915789473684208,5.9474,75.26789473684214,34.220263157894735,0.9068421052631576,19.0263,20.35447368421053,51.32815789473684,17.8421,0.2839473684210527,5.8684,0.9474,1.0173684210526313,-10.915789473684208,1.240181973710861,1.5711806834076492,2.084477207610167,1.268158814535522,1.0305902980733004,1.5605156366836814,-0.9113919738448286,1.3659366578190075,1.6539333623297197,-0.4485855181746946,2.2566872590480083,0.1671992132111434,0.7169915159654854,0.8464456972230516,0.117961311537734,1.485544683566935,84.21052631578947,94.73684210526316,100.0,89.47368421052632,84.21052631578947,94.73684210526316,21.052631578947366,89.47368421052632,89.47368421052632,31.57894736842105,100.0,52.63157894736842,68.42105263157895,78.94736842105263,78.94736842105263,94.73684210526316,2
2,22-23,16,Manchester City,38,64.8,69.34421052631578,75.56736842105265,12.044473684210528,5.3684,81.40526315789475,20.794736842105262,0.8394736842105264,19.2105,52.865263157894745,50.14421052631578,19.8684,0.2942105263157895,6.2632,0.5263,1.3326315789473686,-12.044473684210528,1.963068792611847,2.121692838723788,2.0096600039948536,0.7789335456622357,0.2908129799338762,1.9395523347896269,-1.6868115547470783,0.952016458479916,1.7058710491706857,3.8129001542107432,1.6629923517930918,0.9693294917104208,0.8683865843068695,1.248315400686636,-0.4810920928103098,1.945886776405319,100.0,100.0,94.73684210526316,73.68421052631578,63.1578947368421,100.0,0.0,78.94736842105263,94.73684210526316,100.0,94.73684210526316,84.21052631578947,89.47368421052632,94.73684210526316,31.57894736842105,100.0,2
3,23-24,21,Sheffield United,38,35.78421052631578,35.49026315789474,33.553421052631585,21.957368421052628,10.4737,24.566315789473688,79.01763157894739,0.4749999999999999,9.2632,26.712368421052638,44.65263157894737,11.2895,0.1752631578947368,3.7105,2.4211,-1.3331578947368423,-21.957368421052628,-1.6621878046196925,-1.50117322851817,-1.2852113914191523,-2.61424496274032,-1.4431538594165496,-1.589456677084612,1.4522041149383142,-1.4578295213450037,-1.3337059472111712,0.7345672062876502,-1.1375384362588574,-2.395374527171797,-1.231049245135861,-1.5336524678018002,2.016563768953608,-1.676886011508098,0.0,0.0,10.526315789473683,0.0,5.263157894736842,0.0,100.0,0.0,0.0,84.21052631578947,5.263157894736842,0.0,0.0,0.0,94.73684210526316,0.0,1
3,23-24,15,Luton Town,38,42.32368421052632,43.37868421052632,42.34000000000001,14.469210526315791,12.5,36.15078947368422,70.60105263157897,0.5968421052631578,11.2105,23.10526315789474,47.17499999999999,22.3421,0.276578947368421,5.3421,0.5526,-1.1244736842105263,-14.469210526315791,-0.8975567986071147,-0.68503943999031,-0.598587663110688,-0.1634750923392969,-0.6859298910970126,-0.8654947494509131,1.030991565326263,-0.7656183959396744,-0.8480195222094762,-0.0555788518221771,0.0377983909210428,1.9086196755107303,0.2577334135018208,-0.059439271346419,-0.3657566234831923,-1.4143967483565143,26.31578947368421,31.57894736842105,21.052631578947366,42.10526315789473,31.57894736842105,21.052631578947366,73.68421052631578,26.31578947368421,21.052631578947366,52.63157894736842,68.42105263157895,100.0,68.42105263157895,52.63157894736842,47.368421052631575,5.263157894736842,3
3,23-24,6,Burnley,38,47.43157894736842,47.49894736842106,39.10605263157896,15.194473684210529,12.5789,41.52052631578947,54.53052631578947,0.4789473684210526,10.8158,34.03078947368421,45.63684210526316,14.6053,0.1826315789473684,4.7368,1.1316,-0.9542105263157894,-15.194473684210529,-0.3003138277135903,-0.2587581907582337,-0.8513031980827663,-0.4008436308325393,-0.6564451301532178,-0.5299175673476992,0.2267328034931393,-1.4354036749495822,-0.946463743412254,2.33768691709485,-0.6789302220019081,-1.1041684781648011,-1.1227741426894835,-0.6063510437259497,0.3724630753238225,-1.2002346383198503,42.10526315789473,47.368421052631575,15.789473684210526,21.052631578947366,36.84210526315789,31.57894736842105,57.89473684210527,5.263157894736842,15.789473684210526,100.0,21.052631578947366,5.263157894736842,5.263157894736842,26.31578947368421,73.68421052631578,10.526315789473683,1
3,23-24,26,Wolverhampton Wanderers,38,48.81842105263157,42.211842105263145,31.459210526315783,13.66026315789474,12.3158,37.45263157894736,46.56447368421052,0.4926315789473685,10.6579,29.887105263157903,44.59736842105263,15.3421,0.2181578947368421,4.1053,0.1316,-0.7613157894736841,-13.66026315789474,-0.1381566686920108,-0.8057605908554213,-1.4488626427258338,0.101282123672396,-0.7547650364182674,-0.7841372233610051,-0.1719328967009143,-1.357660740778789,-0.9858464201994812,1.4300018050355143,-1.1632891648668706,-0.8172511077237747,-0.6007334701801658,-1.1769355212704296,-0.9025277689024552,-0.9576058490511103,47.368421052631575,21.052631578947366,0.0,52.63157894736842,26.31578947368421,26.31578947368421,47.368421052631575,10.526315789473683,10.526315789473683,94.73684210526316,0.0,15.789473684210526,31.57894736842105,10.526315789473683,5.263157894736842,15.789473684210526,1
3,23-24,25,West Ham United,38,41.07368421052632,39.97552631578947,42.71578947368421,17.465,12.2105,34.50131578947368,71.61631578947369,0.5723684210526315,10.4474,13.196315789473685,46.3636842105263,17.4737,0.3273684210526315,4.3421,1.7368,-0.6036842105263159,-17.465,-1.043713630742316,-1.0371291835599088,-0.5692217436754111,-1.1439552963331554,-0.7941154207957275,-0.9685772183273144,1.0818009958488302,-0.9046586435912848,-1.0383483420722572,-2.226160282628878,-0.340246829547989,0.012815486782321,1.004058226792919,-0.962977636420813,1.1440875342495658,-0.7593321181207219,15.789473684210526,10.526315789473683,26.31578947368421,10.526315789473683,21.052631578947366,5.263157894736842,84.21052631578947,15.789473684210526,5.263157894736842,0.0,42.10526315789473,47.368421052631575,84.21052631578947,15.789473684210526,84.21052631578947,21.052631578947366,4
3,23-24,17,Manchester United,38,50.50526315789474,48.882631578947375,46.16368421052631,14.698421052631575,14.6842,47.095526315789485,48.2007894736842,0.6810526315789474,13.8158,23.690526315789477,47.00842105263157,15.7368,0.2244736842105263,5.8947,0.3158,-0.41,-14.698421052631575,0.0590781300420189,-0.1156026176304149,-0.2997873764198039,-0.2384925078064992,0.1303009688958477,-0.1815126370435274,-0.0900425288965265,-0.2872003395040255,-0.1982178259855169,0.0726246086896959,-0.0398216624545317,-0.6635509365605378,-0.5079262395118427,0.4398560291936911,-0.6676744553959749,-0.5157103051578397,52.63157894736842,52.63157894736842,36.84210526315789,36.84210526315789,57.89473684210527,52.63157894736842,52.63157894736842,47.368421052631575,42.10526315789473,57.89473684210527,63.1578947368421,26.31578947368421,36.84210526315789,68.42105263157895,31.57894736842105,26.31578947368421,0
3,23-24,10,Fulham,38,50.705263157894734,49.56815789473684,49.692105263157885,14.983947368421047,12.0526,50.32473684210526,46.48578947368421,0.6786842105263158,14.2368,20.73236842105263,45.51947368421053,19.5263,0.2644736842105263,5.5789,0.5526,-0.3423684210526316,-14.983947368421047,0.0824632231836505,-0.044678260841149,-0.0240603121423507,-0.3319412974527868,-0.8531223124690507,0.0202941554871528,-0.1758706934158562,-0.3006558473412781,-0.0932139822399648,-0.5753677922158684,-0.7336198646646385,0.8121186824490562,0.0798528880542025,0.1545186135031974,-0.3657566234831923,-0.4306412753596595,57.89473684210527,57.89473684210527,52.63157894736842,26.31578947368421,15.789473684210526,57.89473684210527,42.10526315789473,36.84210526315789,47.368421052631575,21.052631578947366,15.789473684210526,84.21052631578947,63.1578947368421,63.1578947368421,47.368421052631575,31.57894736842105,0
3,23-24,9,Everton,38,40.77105263157894,46.78710526315789,58.277105263157885,15.928947368421058,17.0,43.167105263157886,79.00421052631579,0.6794736842105265,12.1053,23.02263157894736,47.666578947368414,20.0263,0.3823684210526316,4.7632,0.2105,-0.1539473684210526,-15.928947368421058,-1.0790989690487345,-0.3324051716085102,0.6468111092421479,-0.6412266464111478,0.9957104669140996,-0.4270160026125946,1.4515324506156977,-0.2961706780621931,-0.6248427065716614,-0.0736795202577586,0.2668572530151565,1.006823738394378,1.8122545271962336,-0.5824976308879857,-0.801930991293002,-0.1936396203577254,10.526315789473683,36.84210526315789,84.21052631578947,15.789473684210526,78.94736842105263,42.10526315789473,94.73684210526316,42.10526315789473,36.84210526315789,47.368421052631575,73.68421052631578,89.47368421052632,94.73684210526316,31.57894736842105,15.789473684210526,36.84210526315789,3
3,23-24,20,Nottingham Forest,38,40.49736842105264,39.95763157894737,45.03052631578947,18.850263157894734,10.1316,35.37500000000002,72.82026315789476,0.5884210526315791,11.3158,24.317894736842103,46.76736842105263,15.7368,0.2276315789473685,3.8947,2.0789,-0.1257894736842106,-18.850263157894734,-1.1110996228214918,-1.038980567921394,-0.3883375508513898,-1.5973326499719172,-1.5709958964111277,-0.9139770593181152,1.1420532365540534,-0.8134602015832383,-0.8217560905077977,0.2100513397419921,-0.1521438881923255,-0.6635509365605378,-0.4615226241776806,-1.367220700955097,1.5802619020593756,-0.1582217752666543,5.263157894736842,5.263157894736842,31.57894736842105,5.263157894736842,0.0,10.526315789473683,89.47368421052632,21.052631578947366,26.31578947368421,63.1578947368421,52.63157894736842,26.31578947368421,47.368421052631575,5.263157894736842,89.47368421052632,42.10526315789473,1
3,23-24,1,AFC Bournemouth,38,44.37105263157895,47.06473684210527,52.29368421052633,12.335263157894737,17.2895,43.42763157894738,65.3044736842105,0.7452631578947368,14.5263,25.758421052631583,48.05894736842104,18.7895,0.3236842105263157,6.1842,0.7632,-0.1228947368421052,-12.335263157894737,-0.6581672924993552,-0.3036814877648712,0.179239043275827,0.534936184381207,1.1038959966128146,-0.4107346298959954,0.7659212158893175,0.0775934285281566,-0.0210082512082846,0.5256024831062013,0.4496874261320269,0.52520131200803,0.9499206755697304,0.7014303858827281,-0.0972435516891382,-0.1545806883881329,31.57894736842105,42.10526315789473,68.42105263157895,68.42105263157895,84.21052631578947,47.368421052631575,68.42105263157895,57.89473684210527,57.89473684210527,73.68421052631578,78.94736842105263,73.68421052631578,78.94736842105263,84.21052631578947,63.1578947368421,47.368421052631575,0
3,23-24,8,Crystal Palace,38,42.26052631578946,43.18605263157895,54.24815789473685,14.923684210526313,14.5263,42.18710526315789,71.24684210526318,0.6460526315789475,11.5263,24.774736842105263,46.95105263157895,15.5789,0.2076315789473684,4.6842,0.2105,-0.0305263157894736,-14.923684210526313,-0.9049415648623692,-0.7049690481168913,0.3319706144563639,-0.3122180045228331,0.0712940772225244,-0.4882602773566459,1.0633104721438842,-0.4860428442100909,-0.7692541686350216,0.3101238251055776,-0.0665533711999859,-0.7250387932280704,-0.7554121879607051,-0.6538771617288628,-0.801930991293002,-0.0383969161734975,21.052631578947366,26.31578947368421,73.68421052631578,31.57894736842105,52.63157894736842,36.84210526315789,78.94736842105263,31.57894736842105,31.57894736842105,68.42105263157895,57.89473684210527,21.052631578947366,26.31578947368421,21.052631578947366,15.789473684210526,52.63157894736842,1
3,23-24,5,Brighton & Hove Albion,38,59.88157894736843,56.54473684210528,46.95552631578948,11.451578947368418,14.3684,62.57947368421054,23.48894736842105,0.8126315789473683,16.4737,22.874736842105264,45.6692105263158,17.7895,0.2310526315789473,5.4211,0.1842,0.0421052631578947,-11.451578947368418,1.1554082203530094,0.6771166039727746,-0.2379091890383249,0.824153728742713,0.0122871855492011,0.7861436147462819,-1.3267609252733414,0.4603278736766746,0.4647031153239911,-0.1060762580309912,-0.6638476523886417,0.1357912001173863,-0.4112520408990071,0.0119402594944581,-0.8354632504961531,0.052961263687583,84.21052631578947,78.94736842105263,47.368421052631575,78.94736842105263,47.368421052631575,78.94736842105263,10.526315789473683,68.42105263157895,78.94736842105263,42.10526315789473,26.31578947368421,57.89473684210527,52.63157894736842,57.89473684210527,10.526315789473683,57.89473684210527,0
3,23-24,4,Brentford,38,45.12105263157895,41.41342105263158,32.49368421052632,13.270789473684207,13.7105,35.54157894736842,55.65842105263158,0.8194736842105264,15.0,16.858947368421052,45.78447368421054,18.6842,0.2047368421052632,4.8421,2.5789,0.0502631578947368,-13.270789473684207,-0.5704731932182349,-0.8883650048664131,-1.3680241068014098,0.2287514404249376,-0.2335686347920234,-0.90356684827811,0.2831789463702071,0.4991993407620722,0.097139779153397,-1.4238510364938686,-0.6101389898633623,0.4841964272259451,-0.7979488353503522,-0.511208453883616,2.2177573241725144,0.0632225085270522,36.84210526315789,15.789473684210526,5.263157894736842,57.89473684210527,42.10526315789473,15.789473684210526,63.1578947368421,73.68421052631578,63.1578947368421,5.263157894736842,36.84210526315789,68.42105263157895,21.052631578947366,36.84210526315789,100.0,63.1578947368421,4
3,23-24,23,Tottenham Hotspur,38,61.68421052631578,60.70605263157895,55.495,9.17342105263158,18.4211,68.42842105263158,22.35842105263158,0.9710526315789476,18.9737,18.929210526315785,49.01421052631578,18.8421,0.2021052631578947,6.1579,0.3421,0.2592105263157894,-9.17342105263158,1.3661817572216648,1.107645146740022,0.4294045964482019,1.569763103828344,1.5267724919740089,1.15166865514942,-1.3833387670371964,1.3603518423462404,1.088241379846272,-0.9703543531094664,0.8948071634990671,0.5456842838934778,-0.8366185147954878,0.6776673268812716,-0.6341421961928237,0.3260427795766829,94.73684210526316,84.21052631578947,78.94736842105263,100.0,94.73684210526316,84.21052631578947,5.263157894736842,94.73684210526316,84.21052631578947,10.526315789473683,84.21052631578947,78.94736842105263,15.789473684210526,78.94736842105263,36.84210526315789,68.42105263157895,2
3,23-24,3,Aston Villa,38,53.29210526315791,51.79078947368421,51.425,14.116842105263157,11.0526,53.55078947368422,37.25394736842105,0.7405263157894736,15.5526,26.56578947368421,45.07657894736843,17.2895,0.2539473684210526,6.0789,1.2105,0.334736842105263,-14.116842105263157,0.3849309410550255,0.1852745673516164,0.1113560600434372,-0.0481498118449374,-1.226820169804853,0.2219035980455123,-0.6378835581546356,0.0506824128536508,0.234966677143402,0.7024586957188031,-0.9399935610802592,-0.0589138558279354,-0.0748258297263363,0.6062877960403945,0.4730598529332759,0.4210420463162849,68.42105263157895,68.42105263157895,57.89473684210527,47.368421052631575,10.526315789473683,63.1578947368421,26.31578947368421,52.63157894736842,68.42105263157895,78.94736842105263,10.526315789473683,42.10526315789473,57.89473684210527,73.68421052631578,78.94736842105263,73.68421052631578,0
3,23-24,18,Newcastle United,38,52.205263157894734,50.965526315789496,51.797631578947374,12.471052631578948,14.8947,53.84842105263158,42.62999999999998,0.8260526315789471,16.0789,19.10052631578948,46.607894736842105,17.0789,0.2247368421052631,5.0526,0.2632,0.4997368421052631,-12.471052631578948,0.2578514217458913,0.0998930767983969,0.1404752070464858,0.4904941793512668,0.2089643678650341,0.240503832936898,-0.3688359023367145,0.5365757514211058,0.3662339525906325,-0.9328271710981204,-0.2264531336040122,-0.140923625392105,-0.5040592715673294,-0.3210136280354561,-0.734738973802277,0.628583998392001,63.1578947368421,63.1578947368421,63.1578947368421,63.1578947368421,63.1578947368421,68.42105263157895,36.84210526315789,78.94736842105263,73.68421052631578,15.789473684210526,47.368421052631575,36.84210526315789,42.10526315789473,42.10526315789473,26.31578947368421,78.94736842105263,0
3,23-24,7,Chelsea,38,58.62105263157896,52.94710526315789,46.58394736842106,10.93315789473684,14.9474,56.211842105263166,26.56236842105264,0.8118421052631578,14.4211,22.254210526315788,45.73842105263158,14.8684,0.193157894736842,5.3158,0.1053,0.5134210526315787,-10.93315789473684,1.0080205938419329,0.3049066685923218,-0.2669460785639635,0.9938257246903502,0.2286582449466309,0.3882038413891883,-1.1729497953943695,0.4558427043975908,-0.0472467413793822,-0.2420042076204696,-0.6315979303700433,-1.0017146777263726,-0.9680954249089456,-0.0832023303478755,-0.9360600281056064,0.6457964090904652,78.94736842105263,73.68421052631578,42.10526315789473,89.47368421052632,68.42105263157895,73.68421052631578,21.052631578947366,63.1578947368421,52.63157894736842,31.57894736842105,31.57894736842105,10.526315789473683,10.526315789473683,47.368421052631575,0.0,84.21052631578947,0
3,23-24,14,Liverpool,38,61.32105263157893,63.44657894736844,64.44263157894734,10.108684210526317,16.9474,72.98052631578949,26.36473684210526,1.0889473684210524,21.9474,21.585263157894737,49.56947368421052,21.6053,0.3681578947368422,7.5526,0.6053,1.323421052631579,-10.108684210526317,1.3237193512539631,1.391179216453432,1.1286137188003544,1.2636644877887997,0.9760539596182364,1.436148640252161,-1.1828403817921018,2.0301371213561468,1.8299276747302349,-0.3885389183314332,1.1535406747509844,1.621702305069704,1.603438258192508,1.9378322846505287,-0.2985646059924675,1.6646387192803442,89.47368421052632,89.47368421052632,89.47368421052632,94.73684210526316,73.68421052631578,89.47368421052632,15.789473684210526,100.0,94.73684210526316,26.31578947368421,89.47368421052632,94.73684210526316,89.47368421052632,100.0,57.89473684210527,89.47368421052632,2
3,23-24,16,Manchester City,38,65.19473684210527,73.07894736842103,78.11526315789474,12.008947368421053,18.7368,83.40131578947367,21.63526315789474,0.958421052631579,20.5,22.714210526315792,52.61842105263159,18.4474,0.2984210526315789,7.5263,0.3684,1.4289473684210527,-12.008947368421053,1.776651681576104,2.3877413015043105,2.1970560928754885,0.6417348011198206,1.6447489055349216,2.087387103085053,-1.4195296211263662,1.2885891338808924,1.468923961102415,-0.1412399769663519,2.574245158810084,0.3919841127302407,0.5786917528964387,1.9140692256490728,-0.6006099369896727,1.7973728863973493,100.0,100.0,100.0,73.68421052631578,100.0,100.0,0.0,84.21052631578947,89.47368421052632,36.84210526315789,100.0,63.1578947368421,73.68421052631578,94.73684210526316,42.10526315789473,94.73684210526316,2
3,23-24,2,Arsenal,38,58.13684210526314,65.10526315789474,77.81157894736843,11.39315789473684,17.8684,77.68894736842104,38.655526315789466,0.9684210526315788,23.3421,27.06842105263158,51.40157894736843,17.7632,0.3942105263157895,6.9737,1.0263,1.5105263157894742,-11.39315789473684,0.9514040525516628,1.5627862110187865,2.1733248106427783,0.8432741262555931,1.3202296862245106,1.730397448984858,-0.5677407310516818,1.345401278082625,2.1777872017419244,0.8125614877950987,2.007238639365128,0.1255497141746624,1.986268084699339,1.4147739251089622,0.2382065394267954,1.8999853347920417,73.68421052631578,94.73684210526316,94.73684210526316,84.21052631578947,89.47368421052632,94.73684210526316,31.57894736842105,89.47368421052632,100.0,89.47368421052632,94.73684210526316,52.63157894736842,100.0,89.47368421052632,68.42105263157895,100.0,2
4,24-25,22,Southampton,38,48.589473684210525,42.83894736842105,26.017631578947373,13.811842105263151,4.4474,35.04447368421054,47.54947368421053,0.4276315789473684,9.6842,38.39842105263157,45.27105263157893,14.4474,0.1857894736842104,4.0,0.8158,-1.6707894736842104,-13.811842105263151,-0.2365435023981187,-0.8676227196427828,-1.6935057252867822,-0.4386227408634756,-1.4610259248713144,-1.0296984207385247,-0.1839180609833621,-1.7365884906853688,-1.2932867290378616,2.684116459906704,-0.8755066561037049,-1.300977703307538,-0.6318646533857765,-1.0325173686191849,-0.0473447564463969,-2.120747332618574,47.368421052631575,15.789473684210526,5.263157894736842,42.10526315789473,5.263157894736842,10.526315789473683,47.368421052631575,5.263157894736842,10.526315789473683,100.0,10.526315789473683,5.263157894736842,21.052631578947366,15.789473684210526,57.89473684210527,0.0,1
4,24-25,13,Leicester City,38,45.436842105263146,39.82736842105263,24.69447368421053,15.089999999999998,5.2632,29.017894736842088,57.61526315789474,0.4710526315789475,9.5,21.867105263157896,44.36684210526316,16.3947,0.1202631578947368,3.6579,0.8684,-1.39078947368421,-15.089999999999998,-0.7652358827580913,-1.2325012439552934,-1.7869400112945066,-1.1620642826910768,-0.4233687190122465,-1.4446325857775542,0.5715443351306452,-1.43090000616722,-1.3543901805789622,0.1098407887573618,-1.2373437065947277,-0.522726673690438,-1.4707572084007494,-1.348714836889369,0.0227758739655551,-1.7653409439107202,21.052631578947366,5.263157894736842,0.0,15.789473684210526,47.368421052631575,0.0,78.94736842105263,10.526315789473683,5.263157894736842,42.10526315789473,5.263157894736842,31.57894736842105,0.0,0.0,68.42105263157895,5.263157894736842,1
4,24-25,11,Ipswich Town,38,40.51315789473684,38.44736842105264,35.7142105263158,16.24078947368421,4.6579,31.10263157894737,68.62131578947368,0.4126315789473684,8.5526,17.379473684210524,43.77526315789473,13.3421,0.1694736842105263,3.8158,1.6842,-1.3571052631578946,-16.24078947368421,-1.5909315786291305,-1.3997000364661965,-1.0087855310690774,-1.813414882322968,-1.1932803477282234,-1.3010969997577644,1.3975758068345965,-1.8421899671552744,-1.66866493622521,-0.5889784063923509,-1.4740752809555686,-1.7427179914171158,-0.840745530538098,-1.2027704339666505,1.1103121912672766,-1.722585288126317,0.0,0.0,15.789473684210526,0.0,10.526315789473683,5.263157894736842,84.21052631578947,0.0,0.0,10.526315789473683,0.0,0.0,10.526315789473683,5.263157894736842,89.47368421052632,10.526315789473683,1
4,24-25,25,West Ham United,38,48.42105263157894,43.44868421052632,34.00921052631579,13.856052631578947,5.2368,38.983947368421056,46.71263157894737,0.5963157894736844,11.6842,13.574999999999998,45.42368421052631,16.3421,0.1836842105263158,4.0,0.7368,-0.3844736842105262,-13.856052631578947,-0.2647875026844623,-0.7937478908388597,-1.1291834505289118,-0.4636460431132285,-0.4569482118225915,-0.7584629091611162,-0.246725130777939,-0.549035044769412,-0.6298399153451281,-1.1814154617069224,-0.8144282249963677,-0.5437486036230932,-0.6588170246312363,-1.0325173686191849,-0.1526590112476178,-0.4880157273516675,36.84210526315789,26.31578947368421,10.526315789473683,36.84210526315789,42.10526315789473,26.31578947368421,36.84210526315789,26.31578947368421,31.57894736842105,5.263157894736842,21.052631578947366,26.31578947368421,15.789473684210526,15.789473684210526,47.368421052631575,15.789473684210526,1
4,24-25,26,Wolverhampton Wanderers,38,48.1578947368421,44.36052631578948,39.35,12.60921052631579,5.0526,40.66157894736842,52.185,0.5573684210526316,10.5789,23.02578947368421,45.805526315789486,15.1053,0.2071052631578947,3.8684,0.2895,-0.3078947368421052,-12.60921052631579,-0.3089187531318711,-0.6832704278239312,-0.7520456552769695,0.2420706596207977,-0.6912414912038618,-0.6429568045314585,0.1639896542466565,-0.8232283520947816,-0.9964937969324172,0.2902724381002444,-0.6616268395881875,-1.0380437165643088,-0.3589718945254825,-1.1541531091171569,-0.7489509881157963,-0.3908134161543128,31.57894736842105,31.57894736842105,21.052631578947366,52.63157894736842,21.052631578947366,42.10526315789473,68.42105263157895,15.789473684210526,15.789473684210526,84.21052631578947,31.57894736842105,10.526315789473683,36.84210526315789,10.526315789473683,26.31578947368421,21.052631578947366,1
4,24-25,9,Everton,38,40.8921052631579,44.60394736842104,55.1442105263158,15.277368421052634,5.1316,39.037894736842105,74.38342105263159,0.6360526315789473,11.5,21.954736842105262,47.12131578947367,18.0526,0.2173684210526315,4.0526,0.8421,-0.2921052631578947,-15.277368421052634,-1.5273825779848578,-0.6537778871922424,0.3632564484644,-1.2681154207971632,-0.5907574028698751,-0.7547485952083197,1.8300360584767488,-0.26928376499826,-0.6909433668862287,0.1234868798841342,-0.1350886403870494,0.1398637756507987,-0.2275790847038606,-0.9839000437696914,-0.0122844412404208,-0.3707717025053737,5.263157894736842,36.84210526315789,63.1578947368421,10.526315789473683,36.84210526315789,31.57894736842105,94.73684210526316,36.84210526315789,26.31578947368421,52.63157894736842,52.63157894736842,63.1578947368421,47.368421052631575,26.31578947368421,63.1578947368421,26.31578947368421,3
4,24-25,20,Nottingham Forest,38,41.11315789473685,43.07263157894737,54.03631578947366,14.877368421052632,4.4211,37.79815789473684,76.6642105263158,0.5710526315789474,10.8684,24.247368421052627,50.20315789473684,16.4474,0.2294736842105263,4.1842,1.8421,-0.2592105263157894,-14.877368421052632,-1.4903123276090342,-0.8393098806363589,0.2850228875868081,-1.0417141147279936,-1.4944782226331357,-0.8401053417040563,2.001214949643288,-0.7268901630345171,-0.900459870650394,0.480498128822402,1.098169129781886,-0.501664778111523,-0.0726029500424597,-0.8622643032717191,1.3208073916864258,-0.3290181324034172,10.526315789473683,21.052631578947366,52.63157894736842,21.052631578947366,0.0,15.789473684210526,100.0,21.052631578947366,21.052631578947366,89.47368421052632,84.21052631578947,36.84210526315789,52.63157894736842,31.57894736842105,94.73684210526316,31.57894736842105,3
4,24-25,4,Brentford,38,47.79210526315789,44.61710526315789,39.45815789473684,13.91473684210526,6.3947,38.001052631578936,48.07815789473684,0.7318421052631578,14.3947,2.2063157894736856,45.34578947368421,17.9737,0.1984210526315789,4.5789,3.0263,-0.0639473684210526,-13.91473684210526,-0.3702611912537707,-0.6521836958067446,-0.7444081271247868,-0.4968614978852164,1.015843255037196,-0.8261358975206111,-0.1442390033678584,0.4050835584235931,0.2692963789119489,-2.9517601547030345,-0.8455992863890724,0.1083308807518159,-0.4701504259130092,-0.4974495101520412,2.8994547402383977,-0.0811689402782035,26.31578947368421,42.10526315789473,26.31578947368421,26.31578947368421,84.21052631578947,21.052631578947366,57.89473684210527,57.89473684210527,63.1578947368421,0.0,15.789473684210526,57.89473684210527,26.31578947368421,42.10526315789473,100.0,36.84210526315789,4
4,24-25,23,Tottenham Hotspur,38,54.77894736842105,52.26631578947367,44.36973684210525,10.725263157894735,6.1316,53.28473684210527,34.471315789473685,0.7394736842105262,14.3421,20.04,47.106578947368426,19.8684,0.2605263157894737,6.3947,0.2368,-0.0634210526315789,-10.725263157894735,0.8014235081249628,0.2745835242379699,-0.3975788681653274,1.308391021561047,0.6811930823704632,0.2261564232137089,-1.165466157706966,0.4588106253995093,0.2518477277118301,-0.1746781622732173,-0.1409858682180944,0.8655599804362608,0.3249445258280902,1.1808649092721069,-0.8192049277110413,-0.0805008831565721,78.94736842105263,63.1578947368421,36.84210526315789,94.73684210526316,63.1578947368421,57.89473684210527,10.526315789473683,68.42105263157895,57.89473684210527,26.31578947368421,47.368421052631575,84.21052631578947,78.94736842105263,84.21052631578947,5.263157894736842,42.10526315789473,0
4,24-25,17,Manchester United,38,53.49736842105264,51.40947368421055,44.23947368421052,11.91157894736842,6.6316,54.61052631578947,37.6178947368421,0.605,13.7895,22.84184210526316,46.37157894736842,16.6053,0.2336842105263157,5.1842,0.3421,0.0947368421052631,-11.91157894736842,0.5865043184460772,0.1707697812144215,-0.4067773509763495,0.6369324111927505,1.3171683249906323,0.3174379534292719,-0.9293076251491836,-0.4878973478657836,0.0685373730885278,0.2616279405098118,-0.4351101062918587,-0.4385590226672975,-0.0186982075515388,0.0620194391140876,-0.6788303577038441,0.1202502818936346,73.68421052631578,57.89473684210527,31.57894736842105,68.42105263157895,94.73684210526316,63.1578947368421,21.052631578947366,31.57894736842105,47.368421052631575,78.94736842105263,36.84210526315789,42.10526315789473,63.1578947368421,52.63157894736842,42.10526315789473,47.368421052631575,0
4,24-25,3,Aston Villa,38,50.634210526315805,48.97578947368421,48.26105263157894,12.283684210526316,5.0789,48.55315789473684,47.48263157894737,0.6647368421052632,13.6842,22.70973684210525,46.48894736842106,16.0,0.2594736842105262,6.0526,1.5526,0.1292105263157894,-12.283684210526316,0.1063563135782592,-0.1240918574470709,-0.1227950998287673,0.4263196172573508,-0.6577891934420409,-0.0996160883535467,-0.188934726306577,-0.0673440994680891,0.0336068983476054,0.2410563556880691,-0.3881428989231132,-0.6804710794778716,0.3114683402053576,0.8646674410019223,0.9348773060541036,0.164008023360485,52.63157894736842,47.368421052631575,42.10526315789473,57.89473684210527,31.57894736842105,47.368421052631575,42.10526315789473,42.10526315789473,42.10526315789473,73.68421052631578,42.10526315789473,21.052631578947366,73.68421052631578,73.68421052631578,84.21052631578947,52.63157894736842,0
4,24-25,10,Fulham,38,52.24210526315791,53.64026315789474,55.703947368421055,13.896052631578945,5.0526,58.61184210526316,43.93815789473684,0.7523684210526314,14.2368,21.63710526315789,47.6692105263158,23.6579,0.1992105263157894,5.3421,0.2632,0.1871052631578948,-13.896052631578945,0.3759982538119339,0.441048988711549,0.4027820503614616,-0.4862861737201428,-0.6912414912038618,0.5929313370989115,-0.454956242993102,0.549590842013989,0.2169172529709076,0.0740249219561621,0.0841618657603194,2.3800581454514105,-0.4600432866959619,0.2079638420368065,-0.7840113033217725,0.2374943067399285,63.1578947368421,73.68421052631578,68.42105263157895,31.57894736842105,21.052631578947366,73.68421052631578,31.57894736842105,73.68421052631578,52.63157894736842,36.84210526315789,63.1578947368421,100.0,31.57894736842105,57.89473684210527,15.789473684210526,57.89473684210527,0
4,24-25,5,Brighton & Hove Albion,38,52.43421052631579,56.20578947368421,59.15526315789473,11.555,6.5526,59.95684210526316,48.69263157894737,0.7310526315789473,15.3421,21.924473684210536,47.36815789473683,18.6053,0.155,4.9474,0.3158,0.2318421052631578,-11.555,0.4082140666385403,0.7518844250557164,0.6464953878696761,0.8387572596951989,1.2166842366566455,0.6855355254537642,-0.0981212335658657,0.3995255859778084,0.5835711345581968,0.1187742658313464,-0.036310074216912,0.3607539025287175,-1.0260430828506426,-0.1568509510828714,-0.7138906729098202,0.2942791620785892,68.42105263157895,78.94736842105263,78.94736842105263,73.68421052631578,89.47368421052632,78.94736842105263,63.1578947368421,52.63157894736842,78.94736842105263,47.368421052631575,57.89473684210527,68.42105263157895,5.263157894736842,47.368421052631575,36.84210526315789,63.1578947368421,0
4,24-25,1,AFC Bournemouth,38,48.4921052631579,52.47315789473684,58.00447368421054,10.587105263157897,6.3684,54.61605263157895,54.38868421052633,0.7852631578947368,14.6053,22.479999999999997,50.4513157894737,22.0,0.2328947368421053,6.0,1.1842,0.3723684210526315,-10.587105263157897,-0.2528720650636586,0.2996442128179813,0.5652328316421955,1.3865888410915146,0.9823909572753752,0.3178184441268756,0.3293816047057088,0.7811730272550111,0.3391573283937938,0.2052814681395033,1.1974742341512312,1.7174676961101738,-0.0288053467685853,0.8160501161524288,0.4437662748038533,0.4726504135541474,42.10526315789473,68.42105263157895,73.68421052631578,100.0,78.94736842105263,68.42105263157895,73.68421052631578,89.47368421052632,68.42105263157895,63.1578947368421,89.47368421052632,94.73684210526316,57.89473684210527,68.42105263157895,73.68421052631578,68.42105263157895,0
4,24-25,8,Crystal Palace,38,42.68421052631579,42.27526315789473,49.03868421052633,15.580263157894736,5.2895,39.11894736842105,68.97289473684211,0.711578947368421,12.0263,20.163421052631573,45.51052631578949,15.8947,0.3557894736842105,4.5,1.4474,0.3992105263157895,-15.580263157894736,-1.2268487624379976,-0.9359178785974672,-0.0678829448659925,-1.4395548308534858,-0.3899164212504257,-0.7491680649768009,1.42396267640867,0.262428932315124,-0.516357337862986,-0.1554588927883635,-0.7796767038490857,-0.7225549049894417,1.5445393246852,-0.5703754974262814,0.7946360452301994,0.506721326757344,15.789473684210526,10.526315789473683,47.368421052631575,5.263157894736842,52.63157894736842,36.84210526315789,89.47368421052632,47.368421052631575,36.84210526315789,31.57894736842105,26.31578947368421,15.789473684210526,94.73684210526316,36.84210526315789,78.94736842105263,73.68421052631578,3
4,24-25,18,Newcastle United,38,51.30263157894736,50.61763157894736,54.97473684210527,12.189210526315792,5.0,53.27342105263159,47.65710526315788,0.8528947368421052,16.2895,18.54394736842106,48.428157894736856,18.6842,0.2526315789473684,5.7105,0.0263,0.5618421052631578,-12.189210526315792,0.218449689714677,0.0748313436352201,0.3512891294132906,0.4797920309934236,-0.7581460867275036,0.2253773232138544,-0.1758400447739354,1.25730600011055,0.8978458902044446,-0.4076452134915417,0.3878690990595428,0.3922867974277003,0.2238731336576104,0.5484699727317378,-1.0998207585421425,0.7131509773414169,57.89473684210527,52.63157894736842,57.89473684210527,63.1578947368421,15.789473684210526,52.63157894736842,52.63157894736842,94.73684210526316,84.21052631578947,15.789473684210526,73.68421052631578,73.68421052631578,68.42105263157895,63.1578947368421,0.0,78.94736842105263,0
4,24-25,7,Chelsea,38,56.97631578947368,59.76736842105264,63.20421052631578,11.286315789473685,5.7105,68.61236842105265,36.128947368421045,0.7592105263157897,14.9737,22.426578947368423,48.19736842105262,17.6053,0.2110526315789473,6.1579,0.2368,0.6452631578947368,-11.286315789473685,1.1699194493608354,1.1834001492819932,0.9324102495472512,0.9908334001535016,0.1455747330357567,1.2814745509242096,-1.0410568078214208,0.5977599365441243,0.4613642314759953,0.1969626798550161,0.2955142989196523,-0.03890256006929,-0.3084361984402438,0.9619945190751475,-0.8192049277110413,0.8190380311199785,89.47368421052632,84.21052631578947,84.21052631578947,84.21052631578947,57.89473684210527,84.21052631578947,15.789473684210526,78.94736842105263,73.68421052631578,57.89473684210527,68.42105263157895,52.63157894736842,42.10526315789473,78.94736842105263,5.263157894736842,84.21052631578947,0
4,24-25,16,Manchester City,38,61.38947368421052,68.82736842105263,75.1371052631579,12.898947368421052,6.1579,78.45052631578947,32.361842105263165,0.7639473684210527,18.6316,25.51815789473685,53.32552631578948,17.4211,0.283157894736842,6.6579,0.2895,0.6815789473684211,-12.898947368421052,1.9100005193639,2.2810965696796752,1.7750470234176308,0.0780786609483275,0.714645380132284,1.9588385856818191,-1.323787375151407,0.6311077712188305,1.67477528137932,0.6783869397869238,2.3476442764862133,-0.112519280479843,0.6146825167167941,1.424136390268051,-0.7489509881157963,0.8651339725125385,100.0,100.0,100.0,47.368421052631575,68.42105263157895,100.0,0.0,84.21052631578947,100.0,94.73684210526316,100.0,47.368421052631575,89.47368421052632,100.0,26.31578947368421,89.47368421052632,2
4,24-25,2,Arsenal,38,56.852631578947374,61.40894736842104,71.72842105263157,10.84684210526316,7.0263,71.0784210526316,42.32500000000001,0.734736842105263,18.6053,22.50526315789473,51.617105263157896,20.3421,0.4871052631578947,6.6053,0.7632,0.9968421052631578,-10.84684210526316,1.1491777616505543,1.3822914665365729,1.5343440984657493,1.2395769403742327,1.819207181514994,1.4512639950786452,-0.5760277328801303,0.4254627907248023,1.6660509557792609,0.2092154763922673,1.663987078643442,1.0548772467689371,3.225693481120828,1.3755190654185576,-0.117465386858349,1.2653001883696895,84.21052631578947,94.73684210526316,94.73684210526316,89.47368421052632,100.0,94.73684210526316,26.31578947368421,63.1578947368421,94.73684210526316,68.42105263157895,94.73684210526316,89.47368421052632,100.0,89.47368421052632,52.63157894736842,94.73684210526316,2
4,24-25,14,Liverpool,38,57.79999999999999,60.91605263157896,67.75868421052634,11.300263157894738,6.3158,70.18552631578947,34.15342105263158,0.9818421052631576,18.3684,19.79,49.330789473684206,19.2632,0.2607894736842105,6.6316,0.2632,1.4897368421052637,-11.300263157894738,1.3080502632612274,1.3225730572358652,1.2540226576490203,0.9829391440866156,0.9154863617517336,1.389787569508694,-1.1893249439685536,2.165108166255352,1.5874656806973566,-0.2136084522745201,0.7490743037115234,0.6236878892719466,0.3283135722337722,1.3998277278433044,-0.7840113033217725,1.8909356827774064,94.73684210526316,89.47368421052632,89.47368421052632,78.94736842105263,73.68421052631578,89.47368421052632,5.263157894736842,100.0,89.47368421052632,21.052631578947366,78.94736842105263,78.94736842105263,84.21052631578947,94.73684210526316,15.789473684210526,100.0,2
